source_file,statement_close_date,transaction_date,day,month,year,description,currency,amount,ars_amount,usd_amount,original_currency,original_amount,installment,reference,source_line_no,raw_line
Resumen de tarjeta de crédito VISA-16-01-2026.pdf,2026-01-08,2025-08-20,20,8,2025,MERPAGO*WOK,ARS,1421.34,1421.34,,,,C.05/18,966693,33,"25 Agosto 20 966693 * MERPAGO*WOK C.05/18 1.421,34"
Resumen de tarjeta de crédito VISA-16-01-2026.pdf,2026-01-08,2025-12-12,12,12,2025,lo de charly,ARS,21650.00,21650.00,,,,,729166,34,"25 Diciem. 12 729166 K lo de charly 21.650,00"
Resumen de tarjeta de crédito VISA-16-01-2026.pdf,2026-01-08,2025-12-13,13,12,2025,MOVISTAR DA 000000013769984,ARS,43839.96,43839.96,,,,,001664,35,"13 001664 * MOVISTAR DA 000000013769984 43.839,96"
Resumen de tarjeta de crédito VISA-16-01-2026.pdf,2026-01-08,2025-12-13,13,12,2025,RAPPI,ARS,17448.00,17448.00,,,,,006346,36,"13 006346 * RAPPI 17.448,00"
Resumen de tarjeta de crédito VISA-16-01-2026.pdf,2026-01-08,2025-12-13,13,12,2025,Audible*C470T0MG 3OZTd7OuI,USD,0.99,,0.99,USD,0.99,,775290,37,"13 775290 Audible*C470T0MG 3OZTd7OuIUSD 0,99 0,99"
Resumen de tarjeta de crédito VISA-16-01-2026.pdf,2026-01-08,2025-12-14,14,12,2025,MERPAGO*ELPATIO,ARS,55000.00,55000.00,,,,,928515,38,"14 928515 K MERPAGO*ELPATIO 55.000,00"
Resumen de tarjeta de crédito VISA-16-01-2026.pdf,2026-01-08,2025-12-14,14,12,2025,LUCCIANOS,ARS,10100.00,10100.00,,,,,005010,39,"14 005010 K LUCCIANOS 10.100,00"
Resumen de tarjeta de crédito VISA-16-01-2026.pdf,2026-01-08,2025-12-14,14,12,2025,TEMPLE BAR,ARS,12050.00,12050.00,,,,,005963,40,"14 005963 K TEMPLE BAR 12.050,00"
Resumen de tarjeta de crédito VISA-16-01-2026.pdf,2026-01-08,2025-12-15,15,12,2025,SAN CRISTOBAL 1050132335515-001-000,ARS,229383.00,229383.00,,,,,034644,41,"15 034644 * SAN CRISTOBAL 1050132335515-001-000 229.383,00"
Resumen de tarjeta de crédito VISA-16-01-2026.pdf,2026-01-08,2025-12-15,15,12,2025,PROPINA*RAPPI,ARS,860.00,860.00,,,,,005357,42,"15 005357 K PROPINA*RAPPI 860,00"
Resumen de tarjeta de crédito VISA-16-01-2026.pdf,2026-01-08,2025-12-15,15,12,2025,RAPPI,ARS,10863.00,10863.00,,,,,005357,43,"15 005357 K RAPPI 10.863,00"
Resumen de tarjeta de crédito VISA-16-01-2026.pdf,2026-01-08,2025-12-15,15,12,2025,MD COMIC Y MANGA STORE,ARS,181500.00,181500.00,,,,,000423,44,"15 000423 * MD COMIC Y MANGA STORE 181.500,00"
Resumen de tarjeta de crédito VISA-16-01-2026.pdf,2026-01-08,2025-12-16,16,12,2025,OLEGARIO,ARS,191050.00,191050.00,,,,,005646,45,"16 005646 K OLEGARIO 191.050,00"
Resumen de tarjeta de crédito VISA-16-01-2026.pdf,2026-01-08,2025-12-17,17,12,2025,PROPINA*RAPPI,ARS,2600.00,2600.00,,,,,002435,46,"17 002435 K PROPINA*RAPPI 2.600,00"
Resumen de tarjeta de crédito VISA-16-01-2026.pdf,2026-01-08,2025-12-17,17,12,2025,RAPPI,ARS,51948.00,51948.00,,,,,002435,47,"17 002435 K RAPPI 51.948,00"
Resumen de tarjeta de crédito VISA-16-01-2026.pdf,2026-01-08,2025-12-18,18,12,2025,PROPINA*RAPPI,ARS,1160.00,1160.00,,,,,000817,48,"18 000817 K PROPINA*RAPPI 1.160,00"
Resumen de tarjeta de crédito VISA-16-01-2026.pdf,2026-01-08,2025-12-18,18,12,2025,RAPPI,ARS,15368.00,15368.00,,,,,000817,49,"18 000817 K RAPPI 15.368,00"
Resumen de tarjeta de crédito VISA-16-01-2026.pdf,2026-01-08,2025-12-18,18,12,2025,MAKRO MUNRO,ARS,374285.17,374285.17,,,,,002718,50,"18 002718 K MAKRO MUNRO 374.285,17"
Resumen de tarjeta de crédito VISA-16-01-2026.pdf,2026-01-08,2025-12-19,19,12,2025,PROPINA*RAPPI,ARS,780.00,780.00,,,,,005602,51,"19 005602 K PROPINA*RAPPI 780,00"
Resumen de tarjeta de crédito VISA-16-01-2026.pdf,2026-01-08,2025-12-19,19,12,2025,RAPPI,ARS,9033.00,9033.00,,,,,005602,52,"19 005602 K RAPPI 9.033,00"
Resumen de tarjeta de crédito VISA-16-01-2026.pdf,2026-01-08,2025-12-21,21,12,2025,CONVERSE,ARS,53300.00,53300.00,,,,C.01/03,008904,82,"25 Diciem. 21 008904 * CONVERSE C.01/03 53.300,00"
Resumen de tarjeta de crédito VISA-16-01-2026.pdf,2026-01-08,2025-12-21,21,12,2025,ELBROCAL,ARS,12000.00,12000.00,,,,,002385,83,"21 002385 K ELBROCAL 12.000,00"
Resumen de tarjeta de crédito VISA-16-01-2026.pdf,2026-01-08,2025-12-21,21,12,2025,ELBROCAL,ARS,8000.00,8000.00,,,,,002366,84,"21 002366 K ELBROCAL 8.000,00"
Resumen de tarjeta de crédito VISA-16-01-2026.pdf,2026-01-08,2025-12-21,21,12,2025,ELBROCAL,ARS,30000.00,30000.00,,,,,002374,85,"21 002374 K ELBROCAL 30.000,00"
Resumen de tarjeta de crédito VISA-16-01-2026.pdf,2026-01-08,2025-12-21,21,12,2025,ELBROCAL,ARS,20000.00,20000.00,,,,,002362,86,"21 002362 K ELBROCAL 20.000,00"
Resumen de tarjeta de crédito VISA-16-01-2026.pdf,2026-01-08,2025-12-21,21,12,2025,GOOGLE *YouTubeP P1haqxyA,USD,4.73,,4.73,USD,4.73,,829935,87,"21 829935 GOOGLE *YouTubeP P1haqxyA USD 4,73 4,73"
Resumen de tarjeta de crédito VISA-16-01-2026.pdf,2026-01-08,2025-12-22,22,12,2025,NEGRO EL 11-UNICENTER,ARS,56600.00,56600.00,,,,,043607,88,"22 043607 K NEGRO EL 11-UNICENTER 56.600,00"
Resumen de tarjeta de crédito VISA-16-01-2026.pdf,2026-01-08,2025-12-22,22,12,2025,HIPER RODO,ARS,239999.01,239999.01,,,,,381552,89,"22 381552 K HIPER RODO 239.999,01"
Resumen de tarjeta de crédito VISA-16-01-2026.pdf,2026-01-08,2025-12-22,22,12,2025,APPLE.COM/BILL MLJVKK47X,USD,0.99,,0.99,USD,0.99,,617512,90,"22 617512 APPLE.COM/BILL MLJVKK47XUSD 0,99 0,99"
Resumen de tarjeta de crédito VISA-16-01-2026.pdf,2026-01-08,2025-12-23,23,12,2025,MERPAGO*METROGASSA,ARS,21066.24,21066.24,,,,,084042,91,"23 084042 K MERPAGO*METROGASSA 21.066,24"
Resumen de tarjeta de crédito VISA-16-01-2026.pdf,2026-01-08,2025-12-23,23,12,2025,STEAMGAMES.COM 4259522985,USD,25.22,,25.22,USD,25.22,,100508,92,"23 100508 STEAMGAMES.COM 4259522985 USD 25,22 25,22"
Resumen de tarjeta de crédito VISA-16-01-2026.pdf,2026-01-08,2025-12-24,24,12,2025,DISNEY PLUS,ARS,12299.00,12299.00,,,,,087646,93,"24 087646 K DISNEY PLUS 12.299,00"
Resumen de tarjeta de crédito VISA-16-01-2026.pdf,2026-01-08,2025-12-24,24,12,2025,RAPPI PRO,ARS,5990.00,5990.00,,,,,009910,94,"24 009910 * RAPPI PRO 5.990,00"
Resumen de tarjeta de crédito VISA-16-01-2026.pdf,2026-01-08,2025-12-26,26,12,2025,MERPAGO*QERCIADESIGN,ARS,21928.99,21928.99,,,,,375620,95,"26 375620 K MERPAGO*QERCIADESIGN 21.928,99"
Resumen de tarjeta de crédito VISA-16-01-2026.pdf,2026-01-08,2025-12-27,27,12,2025,DLO*HELP.HBOMAX.COM,ARS,101748.90,101748.90,,,,,003274,96,"27 003274 * DLO*HELP.HBOMAX.COM 101.748,90"
Resumen de tarjeta de crédito VISA-16-01-2026.pdf,2026-01-08,2025-12-28,28,12,2025,MERPAGO*GOBAR,ARS,47740.00,47740.00,,,,,129891,97,"28 129891 K MERPAGO*GOBAR 47.740,00"
Resumen de tarjeta de crédito VISA-16-01-2026.pdf,2026-01-08,2025-12-28,28,12,2025,NANELU SRL,ARS,7500.00,7500.00,,,,,032740,98,"28 032740 K NANELU SRL 7.500,00"
Resumen de tarjeta de crédito VISA-16-01-2026.pdf,2026-01-08,2025-12-28,28,12,2025,CHURRASQUERIA-CHURRASQUE,ARS,90500.00,90500.00,,,,,168174,99,"28 168174 K CHURRASQUERIA-CHURRASQUE 90.500,00"
Resumen de tarjeta de crédito VISA-16-01-2026.pdf,2026-01-08,2025-12-29,29,12,2025,MERPAGO*KOLORSODINROX,ARS,20000.00,20000.00,,,,,510122,100,"29 510122 K MERPAGO*KOLORSODINROX 20.000,00"
Resumen de tarjeta de crédito VISA-16-01-2026.pdf,2026-01-08,2025-12-29,29,12,2025,PROPINA*RAPPI,ARS,760.00,760.00,,,,,008058,101,"29 008058 K PROPINA*RAPPI 760,00"
Resumen de tarjeta de crédito VISA-16-01-2026.pdf,2026-01-08,2025-12-29,29,12,2025,RAPPI,ARS,10380.50,10380.50,,,,,008058,102,"29 008058 K RAPPI 10.380,50"
Resumen de tarjeta de crédito VISA-16-01-2026.pdf,2026-01-08,2025-12-31,31,12,2025,EDENOR SA 000005031182443,ARS,54487.64,54487.64,,,,,000001,103,"31 000001 * EDENOR SA 000005031182443 54.487,64"
Resumen de tarjeta de crédito VISA-16-01-2026.pdf,2026-01-08,2025-12-31,31,12,2025,YPF LE BRETON SRL,ARS,83878.00,83878.00,,,,,027062,104,"31 027062 K YPF LE BRETON SRL 83.878,00"
Resumen de tarjeta de crédito VISA-16-01-2026.pdf,2026-01-08,2025-12-31,31,12,2025,Carrefour Olivos (Ugarte),ARS,60222.00,60222.00,,,,,009717,134,"25 Diciem. 31 009717 K Carrefour Olivos (Ugarte) 60.222,00"
Resumen de tarjeta de crédito VISA-16-01-2026.pdf,2026-01-08,2025-12-31,31,12,2025,LUCCIANO S,ARS,49800.00,49800.00,,,,,005345,135,"31 005345 K LUCCIANO S 49.800,00"
Resumen de tarjeta de crédito VISA-16-01-2026.pdf,2026-01-08,2026-01-02,2,1,2026,DLO*CRUNCHYROLL LLC,ARS,5322.79,5322.79,,,,,002564,136,"26 Enero 02 002564 * DLO*CRUNCHYROLL LLC 5.322,79"
Resumen de tarjeta de crédito VISA-16-01-2026.pdf,2026-01-08,2026-01-02,2,1,2026,PROPINA*RAPPI,ARS,980.00,980.00,,,,,001149,137,"02 001149 K PROPINA*RAPPI 980,00"
Resumen de tarjeta de crédito VISA-16-01-2026.pdf,2026-01-08,2026-01-02,2,1,2026,RAPPI,ARS,12802.00,12802.00,,,,,001149,138,"02 001149 K RAPPI 12.802,00"
Resumen de tarjeta de crédito VISA-16-01-2026.pdf,2026-01-08,2026-01-03,3,1,2026,MERPAGO*MAKRO,ARS,290410.41,290410.41,,,,,549458,139,"03 549458 K MERPAGO*MAKRO 290.410,41"
Resumen de tarjeta de crédito VISA-16-01-2026.pdf,2026-01-08,2026-01-03,3,1,2026,MERPAGO*MAKRO,ARS,26148.54,26148.54,,,,,975988,140,"03 975988 K MERPAGO*MAKRO 26.148,54"
Resumen de tarjeta de crédito VISA-16-01-2026.pdf,2026-01-08,2026-01-04,4,1,2026,MERPAGO*LAFABRICADELT,ARS,92700.00,92700.00,,,,,125528,141,"04 125528 K MERPAGO*LAFABRICADELT 92.700,00"
Resumen de tarjeta de crédito VISA-16-01-2026.pdf,2026-01-08,2026-01-04,4,1,2026,VIA,ARS,17000.00,17000.00,,,,,834171,142,"04 834171 K VIA 17.000,00"
Resumen de tarjeta de crédito VISA-16-01-2026.pdf,2026-01-08,2026-01-04,4,1,2026,OHTEA,ARS,17500.00,17500.00,,,,,008988,143,"04 008988 K OHTEA 17.500,00"
Resumen de tarjeta de crédito VISA-16-01-2026.pdf,2026-01-08,2026-01-05,5,1,2026,MERPAGO*ALAMIR,ARS,35500.00,35500.00,,,,,394605,144,"05 394605 K MERPAGO*ALAMIR 35.500,00"
Resumen de tarjeta de crédito VISA-16-01-2026.pdf,2026-01-08,2026-01-05,5,1,2026,STARBUCKS LA PELLIZA,ARS,11800.00,11800.00,,,,,000377,145,"05 000377 K STARBUCKS LA PELLIZA 11.800,00"
Resumen de tarjeta de crédito VISA-16-01-2026.pdf,2026-01-08,2026-01-05,5,1,2026,PROPINA*RAPPI,ARS,580.00,580.00,,,,,007149,146,"05 007149 K PROPINA*RAPPI 580,00"
Resumen de tarjeta de crédito VISA-16-01-2026.pdf,2026-01-08,2026-01-05,5,1,2026,RAPPI,ARS,7442.00,7442.00,,,,,007149,147,"05 007149 K RAPPI 7.442,00"
Resumen de tarjeta de crédito VISA-16-01-2026.pdf,2026-01-08,2026-01-05,5,1,2026,Spotify,USD,3.81,,3.81,USD,3.81,,666309,148,"05 666309 F Spotify USD 3,81 3,81"
Resumen de tarjeta de crédito VISA-16-01-2026.pdf,2026-01-08,2026-01-06,6,1,2026,TACO BOX BARRIO CHINO-TA,ARS,39500.00,39500.00,,,,,892477,149,"06 892477 K TACO BOX BARRIO CHINO-TA 39.500,00"
Resumen de tarjeta de crédito VISA-16-01-2026.pdf,2026-01-08,2026-01-07,7,1,2026,MOVISTAR DA 000000013769984,ARS,32750.01,32750.01,,,,,005168,150,"07 005168 * MOVISTAR DA 000000013769984 32.750,01"
Resumen de tarjeta de crédito VISA-16-01-2026.pdf,2026-01-08,2026-01-07,7,1,2026,PROPINA*RAPPI,ARS,980.00,980.00,,,,,005648,151,"07 005648 K PROPINA*RAPPI 980,00"
Resumen de tarjeta de crédito VISA-16-01-2026.pdf,2026-01-08,2026-01-07,7,1,2026,RAPPI,ARS,13492.00,13492.00,,,,,005648,152,"07 005648 K RAPPI 13.492,00"
Resumen de tarjeta de crédito VISA-16-01-2026.pdf,2026-01-08,2026-01-08,8,1,2026,IMP DE SELLOS P/INT.FIN. $,ARS,66.57,66.57,,,,,,156,"26 Enero 08 IMP DE SELLOS P/INT.FIN. $ 66,57"
Resumen de tarjeta de crédito VISA-13-02-2026.pdf,2026-02-05,2025-08-20,20,8,2025,MERPAGO*WOK,ARS,1421.34,1421.34,,,,C.06/18,966693,33,"25 Agosto 20 966693 * MERPAGO*WOK C.06/18 1.421,34"
Resumen de tarjeta de crédito VISA-13-02-2026.pdf,2026-02-05,2025-12-21,21,12,2025,CONVERSE,ARS,53300.00,53300.00,,,,C.02/03,008904,34,"25 Diciem. 21 008904 * CONVERSE C.02/03 53.300,00"
Resumen de tarjeta de crédito VISA-13-02-2026.pdf,2026-02-05,2026-01-08,8,1,2026,PROPINA*RAPPI,ARS,840.00,840.00,,,,,002801,35,"26 Enero 08 002801 K PROPINA*RAPPI 840,00"
Resumen de tarjeta de crédito VISA-13-02-2026.pdf,2026-02-05,2026-01-08,8,1,2026,RAPPI,ARS,11742.00,11742.00,,,,,002801,36,"08 002801 K RAPPI 11.742,00"
Resumen de tarjeta de crédito VISA-13-02-2026.pdf,2026-02-05,2026-01-08,8,1,2026,ROCK FELLERS,ARS,94900.00,94900.00,,,,,007508,37,"08 007508 K ROCK FELLERS 94.900,00"
Resumen de tarjeta de crédito VISA-13-02-2026.pdf,2026-02-05,2026-01-09,9,1,2026,YPF NORTE,ARS,7000.00,7000.00,,,,,595810,38,"09 595810 K YPF NORTE 7.000,00"
Resumen de tarjeta de crédito VISA-13-02-2026.pdf,2026-02-05,2026-01-09,9,1,2026,PROPINA*RAPPI,ARS,760.00,760.00,,,,,007163,39,"09 007163 K PROPINA*RAPPI 760,00"
Resumen de tarjeta de crédito VISA-13-02-2026.pdf,2026-02-05,2026-01-09,9,1,2026,RAPPI,ARS,10380.50,10380.50,,,,,007163,40,"09 007163 K RAPPI 10.380,50"
Resumen de tarjeta de crédito VISA-13-02-2026.pdf,2026-02-05,2026-01-09,9,1,2026,STEAMGAMES.COM 4259522985,USD,10.79,,10.79,USD,10.79,,679403,41,"09 679403 K STEAMGAMES.COM 4259522985 USD 10,79 10,79"
Resumen de tarjeta de crédito VISA-13-02-2026.pdf,2026-02-05,2026-01-11,11,1,2026,MERPAGO*CHILLOUT,ARS,16400.00,16400.00,,,,,701054,42,"11 701054 K MERPAGO*CHILLOUT 16.400,00"
Resumen de tarjeta de crédito VISA-13-02-2026.pdf,2026-02-05,2026-01-11,11,1,2026,MERPAGO*ELNANDU,ARS,111299.04,111299.04,,,,,229942,43,"11 229942 K MERPAGO*ELNANDU 111.299,04"
Resumen de tarjeta de crédito VISA-13-02-2026.pdf,2026-02-05,2026-01-12,12,1,2026,PROPINA*RAPPI,ARS,980.00,980.00,,,,,000557,44,"12 000557 K PROPINA*RAPPI 980,00"
Resumen de tarjeta de crédito VISA-13-02-2026.pdf,2026-02-05,2026-01-12,12,1,2026,RAPPI,ARS,12802.00,12802.00,,,,,000557,45,"12 000557 K RAPPI 12.802,00"
Resumen de tarjeta de crédito VISA-13-02-2026.pdf,2026-02-05,2026-01-13,13,1,2026,PROPINA*RAPPI,ARS,780.00,780.00,,,,,002997,46,"13 002997 K PROPINA*RAPPI 780,00"
Resumen de tarjeta de crédito VISA-13-02-2026.pdf,2026-02-05,2026-01-13,13,1,2026,RAPPI,ARS,10707.00,10707.00,,,,,002997,47,"13 002997 K RAPPI 10.707,00"
Resumen de tarjeta de crédito VISA-13-02-2026.pdf,2026-02-05,2026-01-13,13,1,2026,SUSHI TOWN,ARS,82000.00,82000.00,,,,,006432,48,"13 006432 K SUSHI TOWN 82.000,00"
Resumen de tarjeta de crédito VISA-13-02-2026.pdf,2026-02-05,2026-01-13,13,1,2026,Audible*VP9KU8BJ 3F6L4F8gn,USD,0.99,,0.99,USD,0.99,,558270,49,"13 558270 Audible*VP9KU8BJ 3F6L4F8gnUSD 0,99 0,99"
Resumen de tarjeta de crédito VISA-13-02-2026.pdf,2026-02-05,2026-01-14,14,1,2026,MERPAGO*CAJASMIL,ARS,26096.08,26096.08,,,,,451167,50,"14 451167 K MERPAGO*CAJASMIL 26.096,08"
Resumen de tarjeta de crédito VISA-13-02-2026.pdf,2026-02-05,2026-01-14,14,1,2026,MERPAGO*BUSCALIBREARG,ARS,25629.07,25629.07,,,,C.01/03,844616,51,"14 844616 * MERPAGO*BUSCALIBREARG C.01/03 25.629,07"
Resumen de tarjeta de crédito VISA-13-02-2026.pdf,2026-02-05,2026-01-14,14,1,2026,MAKRO MUNRO,ARS,283604.51,283604.51,,,,,001850,52,"14 001850 K MAKRO MUNRO 283.604,51"
Resumen de tarjeta de crédito VISA-13-02-2026.pdf,2026-02-05,2026-01-15,15,1,2026,SAN CRISTOBAL 1050132335515-001-000,ARS,229382.00,229382.00,,,,,035273,82,"26 Enero 15 035273 * SAN CRISTOBAL 1050132335515-001-000 229.382,00"
Resumen de tarjeta de crédito VISA-13-02-2026.pdf,2026-02-05,2026-01-15,15,1,2026,lo de charly,ARS,105650.00,105650.00,,,,,583059,83,"15 583059 K lo de charly 105.650,00"
Resumen de tarjeta de crédito VISA-13-02-2026.pdf,2026-02-05,2026-01-16,16,1,2026,BROCAL BODEGON,ARS,6000.00,6000.00,,,,,001074,84,"16 001074 K BROCAL BODEGON 6.000,00"
Resumen de tarjeta de crédito VISA-13-02-2026.pdf,2026-02-05,2026-01-16,16,1,2026,BROCAL BODEGON,ARS,64000.00,64000.00,,,,,001073,85,"16 001073 K BROCAL BODEGON 64.000,00"
Resumen de tarjeta de crédito VISA-13-02-2026.pdf,2026-02-05,2026-01-16,16,1,2026,PROPINA*RAPPI,ARS,980.00,980.00,,,,,005791,86,"16 005791 K PROPINA*RAPPI 980,00"
Resumen de tarjeta de crédito VISA-13-02-2026.pdf,2026-02-05,2026-01-16,16,1,2026,RAPPI,ARS,12802.00,12802.00,,,,,005791,87,"16 005791 K RAPPI 12.802,00"
Resumen de tarjeta de crédito VISA-13-02-2026.pdf,2026-02-05,2026-01-20,20,1,2026,MERPAGO*SHAMISHAWARMA,ARS,43600.00,43600.00,,,,,901017,88,"20 901017 K MERPAGO*SHAMISHAWARMA 43.600,00"
Resumen de tarjeta de crédito VISA-13-02-2026.pdf,2026-02-05,2026-01-21,21,1,2026,MERPAGO*REDNETCORP,ARS,20542.63,20542.63,,,,,284729,89,"21 284729 K MERPAGO*REDNETCORP 20.542,63"
Resumen de tarjeta de crédito VISA-13-02-2026.pdf,2026-02-05,2026-01-21,21,1,2026,MERPAGO*MOOI,ARS,59800.00,59800.00,,,,,103087,90,"21 103087 K MERPAGO*MOOI 59.800,00"
Resumen de tarjeta de crédito VISA-13-02-2026.pdf,2026-02-05,2026-01-21,21,1,2026,GOOGLE *YouTubeP P1i1gxSS,USD,4.79,,4.79,USD,4.79,,197347,91,"21 197347 GOOGLE *YouTubeP P1i1gxSS USD 4,79 4,79"
Resumen de tarjeta de crédito VISA-13-02-2026.pdf,2026-02-05,2026-01-22,22,1,2026,MERPAGO*METROGASSA,ARS,16243.20,16243.20,,,,,224658,92,"22 224658 K MERPAGO*METROGASSA 16.243,20"
Resumen de tarjeta de crédito VISA-13-02-2026.pdf,2026-02-05,2026-01-22,22,1,2026,YPF SUPER SERVICIOS,ARS,80036.00,80036.00,,,,,021491,93,"22 021491 K YPF SUPER SERVICIOS 80.036,00"
Resumen de tarjeta de crédito VISA-13-02-2026.pdf,2026-02-05,2026-01-22,22,1,2026,APPLE.COM/BILL MLJVQ27L2,USD,0.99,,0.99,USD,0.99,,404480,94,"22 404480 APPLE.COM/BILL MLJVQ27L2USD 0,99 0,99"
Resumen de tarjeta de crédito VISA-13-02-2026.pdf,2026-02-05,2026-01-23,23,1,2026,SHOWCASE CINEMAS,ARS,25500.00,25500.00,,,,,008877,95,"23 008877 K SHOWCASE CINEMAS 25.500,00"
Resumen de tarjeta de crédito VISA-13-02-2026.pdf,2026-02-05,2026-01-24,24,1,2026,DISNEY PLUS,ARS,12299.00,12299.00,,,,,282680,96,"24 282680 K DISNEY PLUS 12.299,00"
Resumen de tarjeta de crédito VISA-13-02-2026.pdf,2026-02-05,2026-01-24,24,1,2026,RAPPIPRO,ARS,5990.00,5990.00,,,,,090566,97,"24 090566 * RAPPIPRO 5.990,00"
Resumen de tarjeta de crédito VISA-13-02-2026.pdf,2026-02-05,2026-01-24,24,1,2026,MERPAGO*ACHEDELUGO,ARS,66400.00,66400.00,,,,,531259,98,"24 531259 K MERPAGO*ACHEDELUGO 66.400,00"
Resumen de tarjeta de crédito VISA-13-02-2026.pdf,2026-02-05,2026-01-24,24,1,2026,RAPANUI,ARS,25300.00,25300.00,,,,,536735,99,"24 536735 K RAPANUI 25.300,00"
Resumen de tarjeta de crédito VISA-13-02-2026.pdf,2026-02-05,2026-01-25,25,1,2026,PARRILLA RESTO BAR BENITO,ARS,109000.00,109000.00,,,,,001096,100,"25 001096 K PARRILLA RESTO BAR BENITO 109.000,00"
Resumen de tarjeta de crédito VISA-13-02-2026.pdf,2026-02-05,2026-01-25,25,1,2026,WAFFLES DEL MUNDO,ARS,13000.00,13000.00,,,,,006134,101,"25 006134 K WAFFLES DEL MUNDO 13.000,00"
Resumen de tarjeta de crédito VISA-13-02-2026.pdf,2026-02-05,2026-01-25,25,1,2026,REGIONALES DELDELTA,ARS,22000.00,22000.00,,,,,006326,102,"25 006326 K REGIONALES DELDELTA 22.000,00"
Resumen de tarjeta de crédito VISA-13-02-2026.pdf,2026-02-05,2026-01-26,26,1,2026,GOOGLE *Google O P1iadhOw,USD,19.99,,19.99,USD,19.99,,073756,103,"26 073756 GOOGLE *Google O P1iadhOw USD 19,99 19,99"
Resumen de tarjeta de crédito VISA-13-02-2026.pdf,2026-02-05,2026-01-28,28,1,2026,MERPAGO*MAGICDRAGON,ARS,17700.00,17700.00,,,,,899770,104,"28 899770 K MERPAGO*MAGICDRAGON 17.700,00"
Resumen de tarjeta de crédito VISA-13-02-2026.pdf,2026-02-05,2026-01-28,28,1,2026,DLO*PRIMEVIDEO,ARS,69333.00,69333.00,,,,,009340,134,"26 Enero 28 009340 * DLO*PRIMEVIDEO 69.333,00"
Resumen de tarjeta de crédito VISA-13-02-2026.pdf,2026-02-05,2026-01-29,29,1,2026,BROCAL BODEGON,ARS,101000.00,101000.00,,,,,001139,135,"29 001139 K BROCAL BODEGON 101.000,00"
Resumen de tarjeta de crédito VISA-13-02-2026.pdf,2026-02-05,2026-01-29,29,1,2026,BROCAL BODEGON,ARS,5000.00,5000.00,,,,,001140,136,"29 001140 K BROCAL BODEGON 5.000,00"
Resumen de tarjeta de crédito VISA-13-02-2026.pdf,2026-02-05,2026-01-31,31,1,2026,MERPAGO*TACOTOWN,ARS,64000.00,64000.00,,,,,927358,137,"31 927358 K MERPAGO*TACOTOWN 64.000,00"
Resumen de tarjeta de crédito VISA-13-02-2026.pdf,2026-02-05,2026-01-31,31,1,2026,MERPAGO*MAKRO,ARS,498941.12,498941.12,,,,,010997,138,"31 010997 K MERPAGO*MAKRO 498.941,12"
Resumen de tarjeta de crédito VISA-13-02-2026.pdf,2026-02-05,2026-01-31,31,1,2026,ALAMEDA-ALAMEDA,ARS,28250.00,28250.00,,,,,623087,139,"31 623087 K ALAMEDA-ALAMEDA 28.250,00"
Resumen de tarjeta de crédito VISA-13-02-2026.pdf,2026-02-05,2026-01-31,31,1,2026,PAYU*AR*NINTENDOCD155,ARS,6895.79,6895.79,,,,,006478,140,"31 006478 * PAYU*AR*NINTENDOCD155 6.895,79"
Resumen de tarjeta de crédito VISA-13-02-2026.pdf,2026-02-05,2026-02-02,2,2,2026,COBRO SUR 64,ARS,102000.00,102000.00,,,,,000785,141,"26 Febrero 02 000785 K COBRO SUR 64 102.000,00"
Resumen de tarjeta de crédito VISA-13-02-2026.pdf,2026-02-05,2026-02-02,2,2,2026,DLO*CRUNCHYROLL LLC,ARS,5322.79,5322.79,,,,,000193,142,"02 000193 K DLO*CRUNCHYROLL LLC 5.322,79"
Resumen de tarjeta de crédito VISA-13-02-2026.pdf,2026-02-05,2026-02-02,2,2,2026,PROPINA*RAPPI,ARS,980.00,980.00,,,,,009469,143,"02 009469 K PROPINA*RAPPI 980,00"
Resumen de tarjeta de crédito VISA-13-02-2026.pdf,2026-02-05,2026-02-02,2,2,2026,RAPPI,ARS,12802.00,12802.00,,,,,009469,144,"02 009469 K RAPPI 12.802,00"
Resumen de tarjeta de crédito VISA-13-02-2026.pdf,2026-02-05,2026-02-03,3,2,2026,EDENOR SA 000005031182443,ARS,43496.58,43496.58,,,,,000001,145,"03 000001 * EDENOR SA 000005031182443 43.496,58"
Resumen de tarjeta de crédito VISA-13-02-2026.pdf,2026-02-05,2026-02-04,4,2,2026,PROPINA*RAPPI,ARS,980.00,980.00,,,,,005971,146,"04 005971 K PROPINA*RAPPI 980,00"
Resumen de tarjeta de crédito VISA-13-02-2026.pdf,2026-02-05,2026-02-04,4,2,2026,RAPPI,ARS,13492.00,13492.00,,,,,005971,147,"04 005971 K RAPPI 13.492,00"
Resumen de tarjeta de crédito VISA-13-02-2026.pdf,2026-02-05,2026-02-05,5,2,2026,MERPAGO*FARMACIAZINGA,ARS,55957.40,55957.40,,,,,538603,148,"05 538603 K MERPAGO*FARMACIAZINGA 55.957,40"
Resumen de tarjeta de crédito VISA-13-03-2026.pdf,2026-03-05,2025-08-20,20,8,2025,MERPAGO*WOK,ARS,1421.34,1421.34,,,,C.07/18,966693,36,"25 Agosto 20 966693 * MERPAGO*WOK C.07/18 1.421,34"
Resumen de tarjeta de crédito VISA-13-03-2026.pdf,2026-03-05,2025-12-21,21,12,2025,CONVERSE,ARS,53300.00,53300.00,,,,C.03/03,008904,37,"25 Diciem. 21 008904 * CONVERSE C.03/03 53.300,00"
Resumen de tarjeta de crédito VISA-13-03-2026.pdf,2026-03-05,2026-01-14,14,1,2026,MERPAGO*BUSCALIBREARG,ARS,25629.05,25629.05,,,,C.02/03,844616,38,"26 Enero 14 844616 * MERPAGO*BUSCALIBREARG C.02/03 25.629,05"
Resumen de tarjeta de crédito VISA-13-03-2026.pdf,2026-03-05,2026-02-05,5,2,2026,SUSHI TOWN,ARS,105500.00,105500.00,,,,,006798,39,"26 Febrero 05 006798 K SUSHI TOWN 105.500,00"
Resumen de tarjeta de crédito VISA-13-03-2026.pdf,2026-03-05,2026-02-05,5,2,2026,Spotify,USD,3.84,,3.84,USD,3.84,,518522,40,"05 518522 F Spotify USD 3,84 3,84"
Resumen de tarjeta de crédito VISA-13-03-2026.pdf,2026-03-05,2026-02-06,6,2,2026,MARMARA,ARS,90350.00,90350.00,,,,,000900,41,"06 000900 K MARMARA 90.350,00"
Resumen de tarjeta de crédito VISA-13-03-2026.pdf,2026-03-05,2026-02-06,6,2,2026,MERPAGO*MAKRO,ARS,114589.61,114589.61,,,,,684933,42,"06 684933 K MERPAGO*MAKRO 114.589,61"
Resumen de tarjeta de crédito VISA-13-03-2026.pdf,2026-03-05,2026-02-09,9,2,2026,MOVISTAR DA 000000013769984,ARS,33700.00,33700.00,,,,,009575,43,"09 009575 * MOVISTAR DA 000000013769984 33.700,00"
Resumen de tarjeta de crédito VISA-13-03-2026.pdf,2026-03-05,2026-02-09,9,2,2026,AFIP VEP 1584940071 20276,ARS,72414.10,72414.10,,,,,000872,44,"09 000872 * AFIP VEP 1584940071 20276 72.414,10"
Resumen de tarjeta de crédito VISA-13-03-2026.pdf,2026-03-05,2026-02-10,10,2,2026,MERPAGO*MERCADOLIBRE,ARS,36990.00,36990.00,,,,,915472,45,"10 915472 K MERPAGO*MERCADOLIBRE 36.990,00"
Resumen de tarjeta de crédito VISA-13-03-2026.pdf,2026-03-05,2026-02-10,10,2,2026,PROPINA*RAPPI,ARS,980.00,980.00,,,,,002092,46,"10 002092 K PROPINA*RAPPI 980,00"
Resumen de tarjeta de crédito VISA-13-03-2026.pdf,2026-03-05,2026-02-10,10,2,2026,RAPPI,ARS,13492.00,13492.00,,,,,002092,47,"10 002092 K RAPPI 13.492,00"
Resumen de tarjeta de crédito VISA-13-03-2026.pdf,2026-03-05,2026-02-11,11,2,2026,PROPINA*RAPPI,ARS,3000.00,3000.00,,,,,009600,48,"11 009600 K PROPINA*RAPPI 3.000,00"
Resumen de tarjeta de crédito VISA-13-03-2026.pdf,2026-03-05,2026-02-11,11,2,2026,RAPPI,ARS,26032.00,26032.00,,,,,009600,49,"11 009600 K RAPPI 26.032,00"
Resumen de tarjeta de crédito VISA-13-03-2026.pdf,2026-03-05,2026-02-12,12,2,2026,RAPPI,ARS,10525.50,10525.50,,,,,004539,50,"12 004539 * RAPPI 10.525,50"
Resumen de tarjeta de crédito VISA-13-03-2026.pdf,2026-03-05,2026-02-13,13,2,2026,GA-CL MIS RESTO,ARS,4800.00,4800.00,,,,,744156,51,"13 744156 K GA-CL MIS RESTO 4.800,00"
Resumen de tarjeta de crédito VISA-13-03-2026.pdf,2026-03-05,2026-02-13,13,2,2026,Audible*2B3HJ4BY f7YRyqhtN,USD,14.95,,14.95,USD,14.95,,939848,52,"13 939848 Audible*2B3HJ4BY f7YRyqhtNUSD 14,95 14,95"
Resumen de tarjeta de crédito VISA-13-03-2026.pdf,2026-03-05,2026-02-15,15,2,2026,SAN CRISTOBAL 1050132447632-001-000,ARS,247845.00,247845.00,,,,,033480,82,"26 Febrero 15 033480 * SAN CRISTOBAL 1050132447632-001-000 247.845,00"
Resumen de tarjeta de crédito VISA-13-03-2026.pdf,2026-03-05,2026-02-17,17,2,2026,APPLE.COM/BILL,USD,9.99,,9.99,USD,9.99,,563768,83,"17 563768 APPLE.COM/BILL USD 9,99 9,99"
Resumen de tarjeta de crédito VISA-13-03-2026.pdf,2026-03-05,2026-02-21,21,2,2026,GOOGLE *YouTubeP P1iSdhEk,USD,4.96,,4.96,USD,4.96,,777566,84,"21 777566 GOOGLE *YouTubeP P1iSdhEk USD 4,96 4,96"
Resumen de tarjeta de crédito VISA-13-03-2026.pdf,2026-03-05,2026-02-22,22,2,2026,APPLE.COM/BILL MLJVVMNJ4,USD,0.99,,0.99,USD,0.99,,454767,85,"22 454767 APPLE.COM/BILL MLJVVMNJ4USD 0,99 0,99"
Resumen de tarjeta de crédito VISA-13-03-2026.pdf,2026-03-05,2026-02-24,24,2,2026,DISNEY PLUS,ARS,12299.00,12299.00,,,,,045986,86,"24 045986 K DISNEY PLUS 12.299,00"
Resumen de tarjeta de crédito VISA-13-03-2026.pdf,2026-03-05,2026-02-24,24,2,2026,RAPPI PRO,ARS,5990.00,5990.00,,,,,008156,87,"24 008156 * RAPPI PRO 5.990,00"
Resumen de tarjeta de crédito VISA-13-03-2026.pdf,2026-03-05,2026-02-25,25,2,2026,DULCES MARTIN,USD,11.92,,11.92,EUR,10.00,,805138,88,"25 805138 F DULCES MARTIN EUR 10,00 11,92"
Resumen de tarjeta de crédito VISA-13-03-2026.pdf,2026-03-05,2026-02-25,25,2,2026,APPLE STORE R419,USD,77.46,,77.46,EUR,65.00,,975817,89,"25 975817 F APPLE STORE R419 EUR 65,00 77,46"
Resumen de tarjeta de crédito VISA-13-03-2026.pdf,2026-03-05,2026-02-25,25,2,2026,MERCADONA C/SAN VICENTE,USD,4.09,,4.09,EUR,3.43,,233551,90,"25 233551 F MERCADONA C/SAN VICENTE EUR 3,43 4,09"
Resumen de tarjeta de crédito VISA-13-03-2026.pdf,2026-03-05,2026-02-25,25,2,2026,Refund Globalblue.com,USD,-277.65,,-277.65,USD,277.65,,470249,91,"25 470249 Refund Globalblue.com USD 277,65 277,65-"
Resumen de tarjeta de crédito VISA-13-03-2026.pdf,2026-03-05,2026-02-26,26,2,2026,GOOGLE *Google O P1iZ92FZ,USD,19.99,,19.99,USD,19.99,,005381,92,"26 005381 GOOGLE *Google O P1iZ92FZ USD 19,99 19,99"
Resumen de tarjeta de crédito VISA-13-03-2026.pdf,2026-03-05,2026-03-02,2,3,2026,DLO*CRUNCHYROLL LLC,ARS,5322.79,5322.79,,,,,008996,93,"26 Marzo 02 008996 K DLO*CRUNCHYROLL LLC 5.322,79"
Resumen de tarjeta de crédito VISA-13-03-2026.pdf,2026-03-05,2026-03-02,2,3,2026,PAYU*AR*NINTENDOCD157,ARS,6895.79,6895.79,,,,,003867,94,"02 003867 * PAYU*AR*NINTENDOCD157 6.895,79"
